region,rank,crop,suitability_score,excellent_pct,good_pct,suitable_pct,moderate_pct,poor_pct,total_samples
Ayeyawaddy,1,dry_season_rice,94.51,78.87,20.54,99.4,0.6,0.0,133056
Ayeyawaddy,2,monsoon_rice,94.16,77.68,21.58,99.26,0.74,0.0,133056
Ayeyawaddy,3,groundnut,73.05,0.0,94.42,94.42,5.58,0.0,133056
Ayeyawaddy,4,green_gram,72.97,0.0,94.2,94.2,5.8,0.0,133056
Ayeyawaddy,5,chili,72.93,0.0,94.09,94.09,5.91,0.0,133056
Ayeyawaddy,6,black_gram,72.93,0.0,94.07,94.07,5.93,0.0,133056
Ayeyawaddy,7,sugarcane,72.5,0.0,92.86,92.86,7.14,0.0,133056
Ayeyawaddy,8,rubber,72.5,0.0,92.86,92.86,7.14,0.0,133056
Ayeyawaddy,9,maize,70.96,0.0,88.47,88.47,11.53,0.0,133056
Ayeyawaddy,10,mangosteen,46.09,0.0,22.92,22.92,72.25,4.84,133056
Ayeyawaddy,11,sesame,44.62,0.0,17.19,17.19,79.32,3.5,133056
Ayeyawaddy,12,pigeon_pea,43.33,0.0,13.76,13.76,82.51,3.72,133056
Ayeyawaddy,13,durian,41.86,0.0,10.94,10.94,84.15,4.91,133056
Ayeyawaddy,14,cassava,40.61,0.0,6.32,6.32,89.66,4.02,133056
Ayeyawaddy,15,mango,40.48,0.0,5.8,5.8,90.33,3.87,133056
Ayeyawaddy,16,longan,38.34,0.0,0.52,0.52,94.87,4.61,133056
Ayeyawaddy,17,tomato,28.45,0.0,0.0,0.0,71.13,28.87,133056
Bago,1,dry_season_rice,84.38,37.7,62.17,99.87,0.13,0.0,153351
Bago,2,monsoon_rice,82.45,31.44,67.4,98.84,1.16,0.0,153351
Bago,3,rubber,71.41,0.0,89.74,89.74,10.26,0.0,153351
Bago,4,sugarcane,71.05,0.0,88.7,88.7,11.3,0.0,153351
Bago,5,groundnut,70.94,0.0,88.41,88.41,11.59,0.0,153351
Bago,6,black_gram,70.71,0.0,87.75,87.75,12.25,0.0,153351
Bago,7,green_gram,70.37,0.0,86.78,86.78,13.22,0.0,153351
Bago,8,chili,69.94,0.0,85.53,85.53,14.47,0.0,153351
Bago,9,maize,64.58,0.0,70.23,70.23,29.77,0.0,153351
Bago,10,mangosteen,53.87,0.0,40.43,40.43,58.86,0.71,153351
Bago,11,durian,51.1,0.0,32.6,32.6,66.62,0.77,153351
Bago,12,sesame,44.43,0.0,13.23,13.23,86.25,0.52,153351
Bago,13,pigeon_pea,44.04,0.0,12.14,12.14,87.35,0.52,153351
Bago,14,cassava,40.96,0.0,3.49,3.49,95.87,0.65,153351
Bago,15,mango,39.99,0.0,0.71,0.71,98.64,0.65,153351
Bago,16,longan,39.78,0.0,0.26,0.26,98.97,0.77,153351
Bago,17,tomato,36.85,0.0,0.0,0.0,92.12,7.88,153351
Magway,1,chili,71.46,0.0,89.87,89.87,10.13,0.0,178100
Magway,2,black_gram,71.1,0.0,88.86,88.86,11.14,0.0,178100
Magway,3,groundnut,70.42,0.0,86.91,86.91,13.09,0.0,178100
Magway,4,green_gram,68.72,0.0,82.06,82.06,17.94,0.0,178100
Magway,5,maize,67.73,0.0,79.23,79.23,20.77,0.0,178100
Magway,6,longan,67.43,0.0,78.38,78.38,21.62,0.0,178100
Magway,7,cassava,67.34,0.0,78.1,78.1,21.9,0.0,178100
Magway,8,mango,67.3,0.0,77.99,77.99,22.01,0.0,178100
Magway,9,pigeon_pea,67.2,0.0,77.71,77.71,22.29,0.0,178100
Magway,10,sugarcane,65.51,0.0,72.88,72.88,27.12,0.0,178100
Magway,11,sesame,65.08,0.0,71.67,71.67,28.33,0.0,178100
Magway,12,dry_season_rice,64.96,0.17,71.03,71.2,28.8,0.0,178100
Magway,13,tomato,62.97,0.0,65.64,65.64,34.36,0.0,178100
Magway,14,durian,59.95,0.0,57.01,57.01,42.99,0.0,178100
Magway,15,mangosteen,58.67,0.0,53.34,53.34,46.66,0.0,178100
Magway,16,monsoon_rice,55.43,0.0,44.08,44.08,55.92,0.0,178100
Magway,17,rubber,49.67,0.0,27.62,27.62,72.38,0.0,178100
Mandalay,1,chili,71.01,0.0,88.61,88.61,11.39,0.0,151569
Mandalay,2,black_gram,70.54,0.0,87.26,87.26,12.74,0.0,151569
Mandalay,3,groundnut,70.06,0.0,85.88,85.88,14.12,0.0,151569
Mandalay,4,maize,69.17,0.0,83.34,83.34,16.66,0.0,151569
Mandalay,5,green_gram,68.62,0.0,81.77,81.77,18.23,0.0,151569
Mandalay,6,longan,67.62,0.0,78.9,78.9,21.1,0.0,151569
Mandalay,7,cassava,66.72,0.0,76.36,76.36,23.64,0.0,151569
Mandalay,8,mango,66.36,0.0,75.31,75.31,24.69,0.0,151569
Mandalay,9,pigeon_pea,64.73,0.0,70.74,70.74,29.2,0.07,151569
Mandalay,10,tomato,64.64,0.0,70.41,70.41,29.59,0.0,151569
Mandalay,11,sesame,62.69,0.0,65.05,65.05,34.75,0.2,151569
Mandalay,12,dry_season_rice,62.67,0.0,64.79,64.79,35.21,0.0,151569
Mandalay,13,sugarcane,62.24,0.0,63.55,63.55,36.45,0.0,151569
Mandalay,14,durian,55.6,0.0,44.63,44.63,55.3,0.07,151569
Mandalay,15,mangosteen,54.38,0.0,41.15,41.15,58.79,0.07,151569
Mandalay,16,monsoon_rice,53.88,0.0,39.65,39.65,60.35,0.0,151569
Mandalay,17,rubber,45.26,0.0,15.02,15.02,84.98,0.0,151569
Sagaing,1,cassava,63.32,0.0,67.03,67.03,32.63,0.35,376600
Sagaing,2,mango,63.24,0.0,66.9,66.9,32.68,0.42,376600
Sagaing,3,longan,63.22,0.0,66.83,66.83,32.74,0.42,376600
Sagaing,4,pigeon_pea,63.16,0.0,66.7,66.7,32.85,0.45,376600
Sagaing,5,tomato,62.92,0.0,65.65,65.65,34.22,0.13,376600
Sagaing,6,sugarcane,61.45,0.0,61.29,61.29,38.71,0.0,376600
Sagaing,7,sesame,60.39,0.0,58.89,58.89,40.55,0.56,376600
Sagaing,8,chili,60.24,0.0,57.84,57.84,42.16,0.0,376600
Sagaing,9,dry_season_rice,60.05,0.0,57.29,57.29,42.71,0.0,376600
Sagaing,10,black_gram,58.94,0.0,54.11,54.11,45.89,0.0,376600
Sagaing,11,mangosteen,58.88,0.0,54.33,54.33,45.33,0.35,376600
Sagaing,12,durian,58.7,0.0,54.12,54.12,45.27,0.61,376600
Sagaing,13,groundnut,58.15,0.0,51.87,51.87,48.13,0.0,376600
Sagaing,14,green_gram,57.49,0.0,49.96,49.96,50.04,0.0,376600
Sagaing,15,monsoon_rice,56.47,0.0,47.05,47.05,52.95,0.0,376600
Sagaing,16,maize,54.52,0.0,41.48,41.48,58.52,0.0,376600
Sagaing,17,rubber,53.77,0.0,39.34,39.34,60.66,0.0,376600
Yangon,1,dry_season_rice,94.91,84.03,12.83,96.86,3.14,0.0,36672
Yangon,2,monsoon_rice,90.04,64.92,31.68,96.6,3.4,0.0,36672
Yangon,3,groundnut,72.89,0.0,93.98,93.98,6.02,0.0,36672
Yangon,4,black_gram,72.8,0.0,93.72,93.72,6.28,0.0,36672
Yangon,5,green_gram,72.8,0.0,93.72,93.72,6.28,0.0,36672
Yangon,6,chili,71.15,0.0,89.01,89.01,10.99,0.0,36672
Yangon,7,rubber,70.24,0.0,86.39,86.39,13.61,0.0,36672
Yangon,8,sugarcane,65.56,0.0,73.04,73.04,26.96,0.0,36672
Yangon,9,maize,62.72,0.0,64.92,64.92,35.08,0.0,36672
Yangon,10,mangosteen,47.4,0.0,23.82,23.82,73.82,2.36,36672
Yangon,11,sesame,45.94,0.0,19.37,19.37,78.53,2.09,36672
Yangon,12,pigeon_pea,43.56,0.0,12.57,12.57,85.34,2.09,36672
Yangon,13,durian,41.98,0.0,8.64,8.64,88.74,2.62,36672
Yangon,14,mango,39.62,0.0,1.31,1.31,96.6,2.09,36672
Yangon,15,cassava,39.53,0.0,1.05,1.05,96.86,2.09,36672
Yangon,16,longan,38.85,0.0,0.0,0.0,97.12,2.88,36672
Yangon,17,tomato,30.05,0.0,0.0,0.0,75.13,24.87,36672
